{
  "mode": "strong",
  "sequential_time": 2.2982,
  "results": [
    {
      "processes": 1.0,
      "accuracy": 0.972857,
      "time_total": 4191.706403333334,
      "time_bcast": 0.12451166666666665,
      "time_scatter": 0.035577,
      "time_compute_max": 4187.619152333334,
      "time_compute_min": 4187.619152333334,
      "time_compute_avg": 4187.619152333334,
      "time_gather": 0.058142,
      "time_comm": 0.21823066666666668,
      "speedup": 0.0003843333333333333,
      "efficiency": 0.0003843333333333333,
      "gflops": 1843.968,
      "gflops_per_sec": 0.44040433333333334,
      "dataset_size": "full",
      "std_time": 51.30339577723178,
      "std_speedup": 4.988876515698599e-06
    },
    {
      "processes": 2.0,
      "accuracy": 0.972857,
      "time_total": 2247.3060246666664,
      "time_bcast": 0.18867299999999998,
      "time_scatter": 0.040516666666666666,
      "time_compute_max": 2242.953435,
      "time_compute_min": 2205.7612983333333,
      "time_compute_avg": 2224.3573666666666,
      "time_gather": 14.362933,
      "time_comm": 14.592122333333334,
      "speedup": 0.000718,
      "efficiency": 0.00035866666666666664,
      "gflops": 1843.968,
      "gflops_per_sec": 0.8226486666666667,
      "dataset_size": "full",
      "std_time": 57.63252687241605,
      "std_speedup": 1.8457157599876183e-05
    },
    {
      "processes": 4.0,
      "accuracy": 0.972857,
      "time_total": 1793.565686,
      "time_bcast": 0.331477,
      "time_scatter": 0.04532233333333333,
      "time_compute_max": 1788.5713480000002,
      "time_compute_min": 1646.6015976666667,
      "time_compute_avg": 1694.7733013333334,
      "time_gather": 131.24681166666667,
      "time_comm": 131.623611,
      "speedup": 0.0009606666666666666,
      "efficiency": 0.00024033333333333337,
      "gflops": 1843.968,
      "gflops_per_sec": 1.1008903333333333,
      "dataset_size": "full",
      "std_time": 487.52027708495785,
      "std_speedup": 0.0002248352483239425
    },
    {
      "processes": 8.0,
      "accuracy": 0.972857,
      "time_total": 926.3249823333332,
      "time_bcast": 0.4064096666666667,
      "time_scatter": 0.05143899999999999,
      "time_compute_max": 921.2913216666666,
      "time_compute_min": 866.9223779999999,
      "time_compute_avg": 892.7839706666667,
      "time_gather": 31.472832999999998,
      "time_comm": 31.93068166666667,
      "speedup": 0.0018269999999999998,
      "efficiency": 0.00022833333333333334,
      "gflops": 1843.968,
      "gflops_per_sec": 2.093620666666667,
      "dataset_size": "full",
      "std_time": 203.90190418164602,
      "std_speedup": 0.0003650872041946508
    },
    {
      "processes": 16.0,
      "accuracy": 0.972857,
      "time_total": 426.68090433333333,
      "time_bcast": 0.8491306666666666,
      "time_scatter": 0.123129,
      "time_compute_max": 421.0078496666667,
      "time_compute_min": 362.581753,
      "time_compute_avg": 378.5752243333334,
      "time_gather": 50.33151533333333,
      "time_comm": 51.30377433333333,
      "speedup": 0.0038286666666666664,
      "efficiency": 0.00023933333333333334,
      "gflops": 1843.968,
      "gflops_per_sec": 4.387680666666666,
      "dataset_size": "full",
      "std_time": 17.526021762412544,
      "std_speedup": 0.00016356921742457812
    }
  ],
  "theoretical_times": [
    2.29912328,
    1.15003148,
    0.57549058,
    0.28822513,
    0.144597405
  ],
  "metadata": {
    "repetitions": 3,
    "dataset": "MNIST digits",
    "train_size": 1437,
    "test_size": 360,
    "features": 64,
    "k": 3,
    "m": 360,
    "n": 1437,
    "d": 64
  }
}