{
  "mode": "strong",
  "sequential_time": 2.2348,
  "results": [
    {
      "processes": 1.0,
      "accuracy": 0.983333,
      "time_total": 2.3413066666666666,
      "time_bcast": 0.0005513333333333334,
      "time_scatter": 0.000102,
      "time_compute_max": 2.3252816666666667,
      "time_compute_min": 2.3252816666666667,
      "time_compute_avg": 2.3252816666666667,
      "time_gather": 0.0007156666666666666,
      "time_comm": 0.0013689999999999998,
      "speedup": 0.6923246666666666,
      "efficiency": 0.6923246666666666,
      "gflops": 0.099325,
      "gflops_per_sec": 0.04273533333333333,
      "dataset_size": "full",
      "std_time": 0.05035784188077259,
      "std_speedup": 0.015050553042625675
    },
    {
      "processes": 2.0,
      "accuracy": 0.983333,
      "time_total": 1.350806333333333,
      "time_bcast": 0.0013896666666666667,
      "time_scatter": 0.00021666666666666666,
      "time_compute_max": 1.334302,
      "time_compute_min": 1.316479,
      "time_compute_avg": 1.3253903333333332,
      "time_gather": 0.018519666666666667,
      "time_comm": 0.020126,
      "speedup": 1.2126863333333333,
      "efficiency": 0.6063433333333333,
      "gflops": 0.099325,
      "gflops_per_sec": 0.07485599999999999,
      "dataset_size": "full",
      "std_time": 0.102374889389711,
      "std_speedup": 0.08878898146479414
    },
    {
      "processes": 4.0,
      "accuracy": 0.983333,
      "time_total": 0.7661553333333333,
      "time_bcast": 0.001882,
      "time_scatter": 0.0005816666666666666,
      "time_compute_max": 0.7481736666666666,
      "time_compute_min": 0.7019996666666667,
      "time_compute_avg": 0.724859,
      "time_gather": 0.036573,
      "time_comm": 0.039036999999999995,
      "speedup": 2.154032666666667,
      "efficiency": 0.5385079999999999,
      "gflops": 0.099325,
      "gflops_per_sec": 0.13296266666666665,
      "dataset_size": "full",
      "std_time": 0.02989867923875943,
      "std_speedup": 0.0845419338408788
    },
    {
      "processes": 8.0,
      "accuracy": 0.983333,
      "time_total": 0.46039433333333335,
      "time_bcast": 0.011716000000000002,
      "time_scatter": 0.0013603333333333332,
      "time_compute_max": 0.431258,
      "time_compute_min": 0.34694166666666665,
      "time_compute_avg": 0.39056399999999997,
      "time_gather": 0.04424433333333333,
      "time_comm": 0.05732099999999999,
      "speedup": 3.7319293333333334,
      "efficiency": 0.46649133333333337,
      "gflops": 0.099325,
      "gflops_per_sec": 0.23036199999999998,
      "dataset_size": "full",
      "std_time": 0.00785235881050331,
      "std_speedup": 0.053212508807192686
    }
  ],
  "theoretical_times": [
    2.2357232799999998,
    1.11833148,
    0.5596405799999999,
    0.28030013
  ],
  "metadata": {
    "repetitions": 3,
    "dataset": "MNIST digits",
    "train_size": 1437,
    "test_size": 360,
    "features": 64,
    "k": 3,
    "m": 360,
    "n": 1437,
    "d": 64
  }
}