{
  "mode": "strong",
  "sequential_time": 1.5669,
  "results": [
    {
      "processes": 1.0,
      "accuracy": 0.983333,
      "time_total": 1.5911276666666667,
      "time_bcast": 0.0006226666666666667,
      "time_scatter": 8.233333333333333e-05,
      "time_compute_max": 1.582651,
      "time_compute_min": 1.582651,
      "time_compute_avg": 1.582651,
      "time_gather": 0.0006003333333333333,
      "time_comm": 0.0013056666666666668,
      "speedup": 1.017085,
      "efficiency": 1.017085,
      "gflops": 0.099325,
      "gflops_per_sec": 0.06278199999999999,
      "dataset_size": "full",
      "std_time": 0.030300101048603086,
      "std_speedup": 0.01959089657638634
    },
    {
      "processes": 2.0,
      "accuracy": 0.983333,
      "time_total": 0.8581573333333333,
      "time_bcast": 0.0009433333333333334,
      "time_scatter": 9.566666666666668e-05,
      "time_compute_max": 0.8488796666666668,
      "time_compute_min": 0.8433999999999999,
      "time_compute_avg": 0.84614,
      "time_gather": 0.0004333333333333333,
      "time_comm": 0.0014726666666666666,
      "speedup": 1.8972543333333334,
      "efficiency": 0.9486273333333334,
      "gflops": 0.099325,
      "gflops_per_sec": 0.11711233333333333,
      "dataset_size": "full",
      "std_time": 0.025998518756951427,
      "std_speedup": 0.056561159266368996
    },
    {
      "processes": 4.0,
      "accuracy": 0.983333,
      "time_total": 0.47790133333333334,
      "time_bcast": 0.0012786666666666667,
      "time_scatter": 0.00033433333333333335,
      "time_compute_max": 0.4668546666666667,
      "time_compute_min": 0.4581983333333333,
      "time_compute_avg": 0.4624996666666667,
      "time_gather": 0.005026666666666666,
      "time_comm": 0.006639333333333333,
      "speedup": 3.447836,
      "efficiency": 0.8619593333333332,
      "gflops": 0.099325,
      "gflops_per_sec": 0.21282566666666666,
      "dataset_size": "full",
      "std_time": 0.009094638432737301,
      "std_speedup": 0.06265336985882458
    },
    {
      "processes": 8.0,
      "accuracy": 0.983333,
      "time_total": 0.9139886666666666,
      "time_bcast": 0.2690416666666667,
      "time_scatter": 0.0007933333333333333,
      "time_compute_max": 0.6282916666666667,
      "time_compute_min": 0.23636766666666664,
      "time_compute_avg": 0.33593599999999996,
      "time_gather": 0.3885726666666667,
      "time_comm": 0.658408,
      "speedup": 2.5611046666666666,
      "efficiency": 0.32013800000000003,
      "gflops": 0.099325,
      "gflops_per_sec": 0.15808999999999998,
      "dataset_size": "full",
      "std_time": 0.02847696629831831,
      "std_speedup": 0.0091398779106847
    }
  ],
  "theoretical_times": [
    1.56782328,
    0.78438148,
    0.39266558,
    0.19681263
  ],
  "metadata": {
    "repetitions": 3,
    "dataset": "MNIST digits",
    "train_size": 1437,
    "test_size": 360,
    "features": 64,
    "k": 3,
    "m": 360,
    "n": 1437,
    "d": 64
  }
}